{
  "results": [
    {
      "command": "tar xf linux-6.19.9.tar.xz -C /home/lockin/code/iofs-ng/benchmark/mnt",
      "mean": 7.017667923099999,
      "stddev": 0.1957495771572421,
      "median": 7.0229577554,
      "user": 5.37042052,
      "system": 2.28546538,
      "min": 6.7295436319,
      "max": 7.3520677359,
      "times": [
        6.9762676269,
        6.8921223209,
        6.7295436319,
        7.0998765949000004,
        7.1291247229,
        7.0696478839,
        7.3520677359,
        6.9662939459,
        7.2103405879,
        6.7513941799
      ],
      "memory_usage_byte": [
        1361924096,
        1361924096,
        1373392896,
        1373392896,
        1373392896,
        1373392896,
        1373392896,
        1373392896,
        1373392896,
        1373392896
      ],
      "exit_codes": [
        0,
        0,
        0,
        0,
        0,
        0,
        0,
        0,
        0,
        0
      ]
    }
  ]
}
