{
  "fio version" : "fio-3.39",
  "timestamp" : 1774366601,
  "timestamp_ms" : 1774366601784,
  "time" : "Tue Mar 24 16:36:41 2026",
  "jobs" : [
    {
      "jobname" : "seq_rw",
      "groupid" : 0,
      "job_start" : 1774366001562,
      "error" : 0,
      "eta" : 0,
      "elapsed" : 601,
      "job options" : {
        "name" : "seq_rw",
        "directory" : "/home/lockin/code/iofs-ng/benchmark/mnt",
        "ioengine" : "psync",
        "rw" : "readwrite",
        "bs" : "1M",
        "size" : "2G",
        "numjobs" : "1",
        "group_reporting" : "",
        "time_based" : "",
        "runtime" : "600"
      },
      "read" : {
        "io_bytes" : 887850270720,
        "io_kbytes" : 867041280,
        "bw_bytes" : 1479747984,
        "bw" : 1445066,
        "iops" : 1411.197648,
        "runtime" : 600001,
        "total_ios" : 846720,
        "short_ios" : 0,
        "drop_ios" : 0,
        "slat_ns" : {
          "min" : 0,
          "max" : 0,
          "mean" : 0.000000,
          "stddev" : 0.000000,
          "N" : 0
        },
        "clat_ns" : {
          "min" : 21161,
          "max" : 32097981,
          "mean" : 335290.758937,
          "stddev" : 466536.010627,
          "N" : 846720,
          "percentile" : {
            "1.000000" : 142336,
            "5.000000" : 156672,
            "10.000000" : 164864,
            "20.000000" : 177152,
            "30.000000" : 189440,
            "40.000000" : 203776,
            "50.000000" : 222208,
            "60.000000" : 244736,
            "70.000000" : 280576,
            "80.000000" : 346112,
            "90.000000" : 659456,
            "95.000000" : 790528,
            "99.000000" : 1499136,
            "99.500000" : 2703360,
            "99.900000" : 6848512,
            "99.950000" : 8716288,
            "99.990000" : 13565952
          }
        },
        "lat_ns" : {
          "min" : 21201,
          "max" : 32098071,
          "mean" : 335341.751205,
          "stddev" : 466580.737706,
          "N" : 846720
        },
        "bw_min" : 927551,
        "bw_max" : 1992814,
        "bw_agg" : 100.000000,
        "bw_mean" : 1446065.920767,
        "bw_dev" : 168828.440352,
        "bw_samples" : 1199,
        "iops_min" : 905,
        "iops_max" : 1946,
        "iops_mean" : 1412.066722,
        "iops_stddev" : 164.850928,
        "iops_samples" : 1199
      },
      "write" : {
        "io_bytes" : 886766043136,
        "io_kbytes" : 865982464,
        "bw_bytes" : 1477940941,
        "bw" : 1443301,
        "iops" : 1409.474318,
        "runtime" : 600001,
        "total_ios" : 845686,
        "short_ios" : 0,
        "drop_ios" : 0,
        "slat_ns" : {
          "min" : 0,
          "max" : 0,
          "mean" : 0.000000,
          "stddev" : 0.000000,
          "N" : 0
        },
        "clat_ns" : {
          "min" : 140610,
          "max" : 57870667,
          "mean" : 368757.723577,
          "stddev" : 403631.998737,
          "N" : 845686,
          "percentile" : {
            "1.000000" : 220160,
            "5.000000" : 242688,
            "10.000000" : 257024,
            "20.000000" : 272384,
            "30.000000" : 288768,
            "40.000000" : 301056,
            "50.000000" : 313344,
            "60.000000" : 325632,
            "70.000000" : 346112,
            "80.000000" : 374784,
            "90.000000" : 444416,
            "95.000000" : 536576,
            "99.000000" : 1384448,
            "99.500000" : 2572288,
            "99.900000" : 6062080,
            "99.950000" : 7766016,
            "99.990000" : 11862016
          }
        },
        "lat_ns" : {
          "min" : 143265,
          "max" : 57881438,
          "mean" : 372335.383925,
          "stddev" : 405893.903905,
          "N" : 845686
        },
        "bw_min" : 913186,
        "bw_max" : 1958067,
        "bw_agg" : 100.000000,
        "bw_mean" : 1444269.447039,
        "bw_dev" : 164041.239825,
        "bw_samples" : 1199,
        "iops_min" : 891,
        "iops_max" : 1912,
        "iops_mean" : 1410.301084,
        "iops_stddev" : 160.169199,
        "iops_samples" : 1199
      },
      "trim" : {
        "io_bytes" : 0,
        "io_kbytes" : 0,
        "bw_bytes" : 0,
        "bw" : 0,
        "iops" : 0.000000,
        "runtime" : 0,
        "total_ios" : 0,
        "short_ios" : 0,
        "drop_ios" : 0,
        "slat_ns" : {
          "min" : 0,
          "max" : 0,
          "mean" : 0.000000,
          "stddev" : 0.000000,
          "N" : 0
        },
        "clat_ns" : {
          "min" : 0,
          "max" : 0,
          "mean" : 0.000000,
          "stddev" : 0.000000,
          "N" : 0
        },
        "lat_ns" : {
          "min" : 0,
          "max" : 0,
          "mean" : 0.000000,
          "stddev" : 0.000000,
          "N" : 0
        },
        "bw_min" : 0,
        "bw_max" : 0,
        "bw_agg" : 0.000000,
        "bw_mean" : 0.000000,
        "bw_dev" : 0.000000,
        "bw_samples" : 0,
        "iops_min" : 0,
        "iops_max" : 0,
        "iops_mean" : 0.000000,
        "iops_stddev" : 0.000000,
        "iops_samples" : 0
      },
      "sync" : {
        "total_ios" : 0,
        "lat_ns" : {
          "min" : 0,
          "max" : 0,
          "mean" : 0.000000,
          "stddev" : 0.000000,
          "N" : 0
        }
      },
      "job_runtime" : 600000,
      "usr_cpu" : 0.858000,
      "sys_cpu" : 47.376667,
      "ctx" : 4515462,
      "majf" : 0,
      "minf" : 10,
      "iodepth_level" : {
        "1" : 100.000000,
        "2" : 0.000000,
        "4" : 0.000000,
        "8" : 0.000000,
        "16" : 0.000000,
        "32" : 0.000000,
        ">=64" : 0.000000
      },
      "iodepth_submit" : {
        "0" : 0.000000,
        "4" : 100.000000,
        "8" : 0.000000,
        "16" : 0.000000,
        "32" : 0.000000,
        "64" : 0.000000,
        ">=64" : 0.000000
      },
      "iodepth_complete" : {
        "0" : 0.000000,
        "4" : 100.000000,
        "8" : 0.000000,
        "16" : 0.000000,
        "32" : 0.000000,
        "64" : 0.000000,
        ">=64" : 0.000000
      },
      "latency_ns" : {
        "2" : 0.000000,
        "4" : 0.000000,
        "10" : 0.000000,
        "20" : 0.000000,
        "50" : 0.000000,
        "100" : 0.000000,
        "250" : 0.000000,
        "500" : 0.000000,
        "750" : 0.000000,
        "1000" : 0.000000
      },
      "latency_us" : {
        "2" : 0.000000,
        "4" : 0.000000,
        "10" : 0.000000,
        "20" : 0.000000,
        "50" : 0.038880,
        "100" : 0.034862,
        "250" : 34.340932,
        "500" : 54.139255,
        "750" : 7.028810,
        "1000" : 2.450712
      },
      "latency_ms" : {
        "2" : 1.307606,
        "4" : 0.387850,
        "10" : 0.243559,
        "20" : 0.025467,
        "50" : 0.010000,
        "100" : 0.010000,
        "250" : 0.000000,
        "500" : 0.000000,
        "750" : 0.000000,
        "1000" : 0.000000,
        "2000" : 0.000000,
        ">=2000" : 0.000000
      },
      "latency_depth" : 1,
      "latency_target" : 0,
      "latency_percentile" : 100.000000,
      "latency_window" : 0
    }
  ]
}
