{
  "fio version" : "fio-3.39",
  "timestamp" : 1774367222,
  "timestamp_ms" : 1774367222735,
  "time" : "Tue Mar 24 16:47:02 2026",
  "jobs" : [
    {
      "jobname" : "rand_rw",
      "groupid" : 0,
      "job_start" : 1774366622615,
      "error" : 0,
      "eta" : 0,
      "elapsed" : 601,
      "job options" : {
        "name" : "rand_rw",
        "directory" : "/home/lockin/code/iofs-ng/benchmark/mnt",
        "ioengine" : "psync",
        "rw" : "randrw",
        "bs" : "4k",
        "size" : "500M",
        "numjobs" : "16",
        "group_reporting" : "",
        "time_based" : "",
        "runtime" : "600"
      },
      "read" : {
        "io_bytes" : 514770726912,
        "io_kbytes" : 502705788,
        "bw_bytes" : 857948351,
        "bw" : 837840,
        "iops" : 209460.046800,
        "runtime" : 600002,
        "total_ios" : 125676447,
        "short_ios" : 0,
        "drop_ios" : 0,
        "slat_ns" : {
          "min" : 0,
          "max" : 0,
          "mean" : 0.000000,
          "stddev" : 0.000000,
          "N" : 0
        },
        "clat_ns" : {
          "min" : 4088,
          "max" : 450604239,
          "mean" : 34102.372355,
          "stddev" : 245696.060643,
          "N" : 125676447,
          "percentile" : {
            "1.000000" : 13760,
            "5.000000" : 17024,
            "10.000000" : 18560,
            "20.000000" : 20352,
            "30.000000" : 21888,
            "40.000000" : 23936,
            "50.000000" : 29824,
            "60.000000" : 36608,
            "70.000000" : 39680,
            "80.000000" : 41728,
            "90.000000" : 45312,
            "95.000000" : 49920,
            "99.000000" : 132096,
            "99.500000" : 160768,
            "99.900000" : 317440,
            "99.950000" : 432128,
            "99.990000" : 1003520
          }
        },
        "lat_ns" : {
          "min" : 4108,
          "max" : 450604289,
          "mean" : 34140.250997,
          "stddev" : 245697.159962,
          "N" : 125676447
        },
        "bw_min" : 284872,
        "bw_max" : 1018864,
        "bw_agg" : 100.000000,
        "bw_mean" : 838035.154295,
        "bw_dev" : 3348.773667,
        "bw_samples" : 19184,
        "iops_min" : 71218,
        "iops_max" : 254716,
        "iops_mean" : 209508.682235,
        "iops_stddev" : 837.192202,
        "iops_samples" : 19184
      },
      "write" : {
        "io_bytes" : 514867609600,
        "io_kbytes" : 502800400,
        "bw_bytes" : 858109822,
        "bw" : 837997,
        "iops" : 209499.468335,
        "runtime" : 600002,
        "total_ios" : 125700100,
        "short_ios" : 0,
        "drop_ios" : 0,
        "slat_ns" : {
          "min" : 0,
          "max" : 0,
          "mean" : 0.000000,
          "stddev" : 0.000000,
          "N" : 0
        },
        "clat_ns" : {
          "min" : 8346,
          "max" : 450642652,
          "mean" : 41133.850994,
          "stddev" : 234201.160506,
          "N" : 125700100,
          "percentile" : {
            "1.000000" : 23680,
            "5.000000" : 28544,
            "10.000000" : 31616,
            "20.000000" : 35072,
            "30.000000" : 37120,
            "40.000000" : 38144,
            "50.000000" : 39680,
            "60.000000" : 40704,
            "70.000000" : 41728,
            "80.000000" : 43776,
            "90.000000" : 46336,
            "95.000000" : 49408,
            "99.000000" : 85504,
            "99.500000" : 122368,
            "99.900000" : 350208,
            "99.950000" : 473088,
            "99.990000" : 1138688
          }
        },
        "lat_ns" : {
          "min" : 8376,
          "max" : 450642692,
          "mean" : 41183.921834,
          "stddev" : 234202.362453,
          "N" : 125700100
        },
        "bw_min" : 287552,
        "bw_max" : 1014496,
        "bw_agg" : 100.000000,
        "bw_mean" : 838191.819850,
        "bw_dev" : 3309.423210,
        "bw_samples" : 19184,
        "iops_min" : 71888,
        "iops_max" : 253624,
        "iops_mean" : 209547.851543,
        "iops_stddev" : 827.354980,
        "iops_samples" : 19184
      },
      "trim" : {
        "io_bytes" : 0,
        "io_kbytes" : 0,
        "bw_bytes" : 0,
        "bw" : 0,
        "iops" : 0.000000,
        "runtime" : 0,
        "total_ios" : 0,
        "short_ios" : 0,
        "drop_ios" : 0,
        "slat_ns" : {
          "min" : 0,
          "max" : 0,
          "mean" : 0.000000,
          "stddev" : 0.000000,
          "N" : 0
        },
        "clat_ns" : {
          "min" : 0,
          "max" : 0,
          "mean" : 0.000000,
          "stddev" : 0.000000,
          "N" : 0
        },
        "lat_ns" : {
          "min" : 0,
          "max" : 0,
          "mean" : 0.000000,
          "stddev" : 0.000000,
          "N" : 0
        },
        "bw_min" : 0,
        "bw_max" : 0,
        "bw_agg" : 0.000000,
        "bw_mean" : 0.000000,
        "bw_dev" : 0.000000,
        "bw_samples" : 0,
        "iops_min" : 0,
        "iops_max" : 0,
        "iops_mean" : 0.000000,
        "iops_stddev" : 0.000000,
        "iops_samples" : 0
      },
      "sync" : {
        "total_ios" : 0,
        "lat_ns" : {
          "min" : 0,
          "max" : 0,
          "mean" : 0.000000,
          "stddev" : 0.000000,
          "N" : 0
        }
      },
      "job_runtime" : 9600002,
      "usr_cpu" : 3.716666,
      "sys_cpu" : 19.279829,
      "ctx" : 442642513,
      "majf" : 0,
      "minf" : 200,
      "iodepth_level" : {
        "1" : 100.000000,
        "2" : 0.000000,
        "4" : 0.000000,
        "8" : 0.000000,
        "16" : 0.000000,
        "32" : 0.000000,
        ">=64" : 0.000000
      },
      "iodepth_submit" : {
        "0" : 0.000000,
        "4" : 100.000000,
        "8" : 0.000000,
        "16" : 0.000000,
        "32" : 0.000000,
        "64" : 0.000000,
        ">=64" : 0.000000
      },
      "iodepth_complete" : {
        "0" : 0.000000,
        "4" : 100.000000,
        "8" : 0.000000,
        "16" : 0.000000,
        "32" : 0.000000,
        "64" : 0.000000,
        ">=64" : 0.000000
      },
      "latency_ns" : {
        "2" : 0.000000,
        "4" : 0.000000,
        "10" : 0.000000,
        "20" : 0.000000,
        "50" : 0.000000,
        "100" : 0.000000,
        "250" : 0.000000,
        "500" : 0.000000,
        "750" : 0.000000,
        "1000" : 0.000000
      },
      "latency_us" : {
        "2" : 0.000000,
        "4" : 0.000000,
        "10" : 0.024778,
        "20" : 8.940641,
        "50" : 86.282318,
        "100" : 3.285459,
        "250" : 1.292385,
        "500" : 0.134370,
        "750" : 0.022828,
        "1000" : 0.010000
      },
      "latency_ms" : {
        "2" : 0.010000,
        "4" : 0.010000,
        "10" : 0.010000,
        "20" : 0.010000,
        "50" : 0.010000,
        "100" : 0.010000,
        "250" : 0.010000,
        "500" : 0.010000,
        "750" : 0.000000,
        "1000" : 0.000000,
        "2000" : 0.000000,
        ">=2000" : 0.000000
      },
      "latency_depth" : 1,
      "latency_target" : 0,
      "latency_percentile" : 100.000000,
      "latency_window" : 0
    }
  ]
}
