{
  "fio version" : "fio-3.39",
  "timestamp" : 1774373059,
  "timestamp_ms" : 1774373059589,
  "time" : "Tue Mar 24 18:24:19 2026",
  "jobs" : [
    {
      "jobname" : "seq_rw",
      "groupid" : 0,
      "job_start" : 1774372459557,
      "error" : 0,
      "eta" : 0,
      "elapsed" : 601,
      "job options" : {
        "name" : "seq_rw",
        "directory" : "/home/lockin/code/iofs-ng/benchmark/mnt",
        "ioengine" : "psync",
        "rw" : "readwrite",
        "bs" : "1M",
        "size" : "2G",
        "numjobs" : "1",
        "group_reporting" : "",
        "time_based" : "",
        "runtime" : "600"
      },
      "read" : {
        "io_bytes" : 757968404480,
        "io_kbytes" : 740203520,
        "bw_bytes" : 1263278568,
        "bw" : 1233670,
        "iops" : 1204.756325,
        "runtime" : 600001,
        "total_ios" : 722855,
        "short_ios" : 0,
        "drop_ios" : 0,
        "slat_ns" : {
          "min" : 0,
          "max" : 0,
          "mean" : 0.000000,
          "stddev" : 0.000000,
          "N" : 0
        },
        "clat_ns" : {
          "min" : 19937,
          "max" : 64279088,
          "mean" : 441333.347731,
          "stddev" : 522303.895257,
          "N" : 722855,
          "percentile" : {
            "1.000000" : 205824,
            "5.000000" : 226304,
            "10.000000" : 236544,
            "20.000000" : 252928,
            "30.000000" : 272384,
            "40.000000" : 292864,
            "50.000000" : 317440,
            "60.000000" : 350208,
            "70.000000" : 395264,
            "80.000000" : 569344,
            "90.000000" : 765952,
            "95.000000" : 913408,
            "99.000000" : 1712128,
            "99.500000" : 2899968,
            "99.900000" : 7307264,
            "99.950000" : 9633792,
            "99.990000" : 16187392
          }
        },
        "lat_ns" : {
          "min" : 19967,
          "max" : 64281663,
          "mean" : 441387.435562,
          "stddev" : 522346.243772,
          "N" : 722855
        },
        "bw_min" : 886784,
        "bw_max" : 1636352,
        "bw_agg" : 100.000000,
        "bw_mean" : 1234351.877398,
        "bw_dev" : 119745.888029,
        "bw_samples" : 1199,
        "iops_min" : 866,
        "iops_max" : 1598,
        "iops_mean" : 1205.359466,
        "iops_stddev" : 116.907273,
        "iops_samples" : 1199
      },
      "write" : {
        "io_bytes" : 757087600640,
        "io_kbytes" : 739343360,
        "bw_bytes" : 1261810564,
        "bw" : 1232236,
        "iops" : 1203.356328,
        "runtime" : 600001,
        "total_ios" : 722015,
        "short_ios" : 0,
        "drop_ios" : 0,
        "slat_ns" : {
          "min" : 0,
          "max" : 0,
          "mean" : 0.000000,
          "stddev" : 0.000000,
          "N" : 0
        },
        "clat_ns" : {
          "min" : 156062,
          "max" : 100478566,
          "mean" : 383856.253191,
          "stddev" : 385869.688054,
          "N" : 722015,
          "percentile" : {
            "1.000000" : 232448,
            "5.000000" : 257024,
            "10.000000" : 272384,
            "20.000000" : 288768,
            "30.000000" : 305152,
            "40.000000" : 317440,
            "50.000000" : 333824,
            "60.000000" : 354304,
            "70.000000" : 374784,
            "80.000000" : 407552,
            "90.000000" : 464896,
            "95.000000" : 552960,
            "99.000000" : 1187840,
            "99.500000" : 1908736,
            "99.900000" : 5013504,
            "99.950000" : 6651904,
            "99.990000" : 11075584
          }
        },
        "lat_ns" : {
          "min" : 159949,
          "max" : 100552744,
          "mean" : 387637.274630,
          "stddev" : 388267.553974,
          "N" : 722015
        },
        "bw_min" : 884736,
        "bw_max" : 1682139,
        "bw_agg" : 100.000000,
        "bw_mean" : 1232909.494579,
        "bw_dev" : 120077.645971,
        "bw_samples" : 1199,
        "iops_min" : 864,
        "iops_max" : 1642,
        "iops_mean" : 1203.948290,
        "iops_stddev" : 117.224272,
        "iops_samples" : 1199
      },
      "trim" : {
        "io_bytes" : 0,
        "io_kbytes" : 0,
        "bw_bytes" : 0,
        "bw" : 0,
        "iops" : 0.000000,
        "runtime" : 0,
        "total_ios" : 0,
        "short_ios" : 0,
        "drop_ios" : 0,
        "slat_ns" : {
          "min" : 0,
          "max" : 0,
          "mean" : 0.000000,
          "stddev" : 0.000000,
          "N" : 0
        },
        "clat_ns" : {
          "min" : 0,
          "max" : 0,
          "mean" : 0.000000,
          "stddev" : 0.000000,
          "N" : 0
        },
        "lat_ns" : {
          "min" : 0,
          "max" : 0,
          "mean" : 0.000000,
          "stddev" : 0.000000,
          "N" : 0
        },
        "bw_min" : 0,
        "bw_max" : 0,
        "bw_agg" : 0.000000,
        "bw_mean" : 0.000000,
        "bw_dev" : 0.000000,
        "bw_samples" : 0,
        "iops_min" : 0,
        "iops_max" : 0,
        "iops_mean" : 0.000000,
        "iops_stddev" : 0.000000,
        "iops_samples" : 0
      },
      "sync" : {
        "total_ios" : 0,
        "lat_ns" : {
          "min" : 0,
          "max" : 0,
          "mean" : 0.000000,
          "stddev" : 0.000000,
          "N" : 0
        }
      },
      "job_runtime" : 600000,
      "usr_cpu" : 0.816333,
      "sys_cpu" : 42.319333,
      "ctx" : 3045823,
      "majf" : 0,
      "minf" : 12,
      "iodepth_level" : {
        "1" : 100.000000,
        "2" : 0.000000,
        "4" : 0.000000,
        "8" : 0.000000,
        "16" : 0.000000,
        "32" : 0.000000,
        ">=64" : 0.000000
      },
      "iodepth_submit" : {
        "0" : 0.000000,
        "4" : 100.000000,
        "8" : 0.000000,
        "16" : 0.000000,
        "32" : 0.000000,
        "64" : 0.000000,
        ">=64" : 0.000000
      },
      "iodepth_complete" : {
        "0" : 0.000000,
        "4" : 100.000000,
        "8" : 0.000000,
        "16" : 0.000000,
        "32" : 0.000000,
        "64" : 0.000000,
        ">=64" : 0.000000
      },
      "latency_ns" : {
        "2" : 0.000000,
        "4" : 0.000000,
        "10" : 0.000000,
        "20" : 0.000000,
        "50" : 0.000000,
        "100" : 0.000000,
        "250" : 0.000000,
        "500" : 0.000000,
        "750" : 0.000000,
        "1000" : 0.000000
      },
      "latency_us" : {
        "2" : 0.000000,
        "4" : 0.000000,
        "10" : 0.000000,
        "20" : 0.010000,
        "50" : 0.033567,
        "100" : 0.036889,
        "250" : 10.324389,
        "500" : 74.761397,
        "750" : 8.078512,
        "1000" : 4.224048
      },
      "latency_ms" : {
        "2" : 1.909584,
        "4" : 0.374151,
        "10" : 0.227564,
        "20" : 0.026162,
        "50" : 0.010000,
        "100" : 0.010000,
        "250" : 0.010000,
        "500" : 0.000000,
        "750" : 0.000000,
        "1000" : 0.000000,
        "2000" : 0.000000,
        ">=2000" : 0.000000
      },
      "latency_depth" : 1,
      "latency_target" : 0,
      "latency_percentile" : 100.000000,
      "latency_window" : 0
    }
  ]
}
