{
  "fio version" : "fio-3.39",
  "timestamp" : 1774373675,
  "timestamp_ms" : 1774373675534,
  "time" : "Tue Mar 24 18:34:35 2026",
  "jobs" : [
    {
      "jobname" : "rand_rw",
      "groupid" : 0,
      "job_start" : 1774373075454,
      "error" : 0,
      "eta" : 0,
      "elapsed" : 601,
      "job options" : {
        "name" : "rand_rw",
        "directory" : "/home/lockin/code/iofs-ng/benchmark/mnt",
        "ioengine" : "psync",
        "rw" : "randrw",
        "bs" : "4k",
        "size" : "500M",
        "numjobs" : "16",
        "group_reporting" : "",
        "time_based" : "",
        "runtime" : "600"
      },
      "read" : {
        "io_bytes" : 578571161600,
        "io_kbytes" : 565010900,
        "bw_bytes" : 964282055,
        "bw" : 941681,
        "iops" : 235420.423599,
        "runtime" : 600002,
        "total_ios" : 141252725,
        "short_ios" : 0,
        "drop_ios" : 0,
        "slat_ns" : {
          "min" : 0,
          "max" : 0,
          "mean" : 0.000000,
          "stddev" : 0.000000,
          "N" : 0
        },
        "clat_ns" : {
          "min" : 7494,
          "max" : 410723756,
          "mean" : 40960.529761,
          "stddev" : 257711.000156,
          "N" : 141252725,
          "percentile" : {
            "1.000000" : 16512,
            "5.000000" : 19328,
            "10.000000" : 21120,
            "20.000000" : 23680,
            "30.000000" : 26240,
            "40.000000" : 30080,
            "50.000000" : 36608,
            "60.000000" : 41216,
            "70.000000" : 45312,
            "80.000000" : 49920,
            "90.000000" : 56576,
            "95.000000" : 64768,
            "99.000000" : 164864,
            "99.500000" : 197632,
            "99.900000" : 407552,
            "99.950000" : 561152,
            "99.990000" : 1466368
          }
        },
        "lat_ns" : {
          "min" : 7504,
          "max" : 410723826,
          "mean" : 41004.756833,
          "stddev" : 257711.606082,
          "N" : 141252725
        },
        "bw_min" : 255536,
        "bw_max" : 1087184,
        "bw_agg" : 100.000000,
        "bw_mean" : 941862.678899,
        "bw_dev" : 3881.094290,
        "bw_samples" : 19184,
        "iops_min" : 63884,
        "iops_max" : 271796,
        "iops_mean" : 235465.351960,
        "iops_stddev" : 970.277173,
        "iops_samples" : 19184
      },
      "write" : {
        "io_bytes" : 578699202560,
        "io_kbytes" : 565135940,
        "bw_bytes" : 964495455,
        "bw" : 941890,
        "iops" : 235472.523425,
        "runtime" : 600002,
        "total_ios" : 141283985,
        "short_ios" : 0,
        "drop_ios" : 0,
        "slat_ns" : {
          "min" : 0,
          "max" : 0,
          "mean" : 0.000000,
          "stddev" : 0.000000,
          "N" : 0
        },
        "clat_ns" : {
          "min" : 6993,
          "max" : 410679292,
          "mean" : 25721.250733,
          "stddev" : 199728.385611,
          "N" : 141283985,
          "percentile" : {
            "1.000000" : 14656,
            "5.000000" : 16768,
            "10.000000" : 18048,
            "20.000000" : 19840,
            "30.000000" : 21120,
            "40.000000" : 22144,
            "50.000000" : 23424,
            "60.000000" : 24704,
            "70.000000" : 26240,
            "80.000000" : 28288,
            "90.000000" : 32128,
            "95.000000" : 36096,
            "99.000000" : 51968,
            "99.500000" : 80384,
            "99.900000" : 292864,
            "99.950000" : 436224,
            "99.990000" : 1011712
          }
        },
        "lat_ns" : {
          "min" : 7023,
          "max" : 410679342,
          "mean" : 25778.878264,
          "stddev" : 199730.308614,
          "N" : 141283985
        },
        "bw_min" : 257176,
        "bw_max" : 1085128,
        "bw_agg" : 100.000000,
        "bw_mean" : 942069.308590,
        "bw_dev" : 3874.373896,
        "bw_samples" : 19184,
        "iops_min" : 64294,
        "iops_max" : 271282,
        "iops_mean" : 235517.007506,
        "iops_stddev" : 968.596067,
        "iops_samples" : 19184
      },
      "trim" : {
        "io_bytes" : 0,
        "io_kbytes" : 0,
        "bw_bytes" : 0,
        "bw" : 0,
        "iops" : 0.000000,
        "runtime" : 0,
        "total_ios" : 0,
        "short_ios" : 0,
        "drop_ios" : 0,
        "slat_ns" : {
          "min" : 0,
          "max" : 0,
          "mean" : 0.000000,
          "stddev" : 0.000000,
          "N" : 0
        },
        "clat_ns" : {
          "min" : 0,
          "max" : 0,
          "mean" : 0.000000,
          "stddev" : 0.000000,
          "N" : 0
        },
        "lat_ns" : {
          "min" : 0,
          "max" : 0,
          "mean" : 0.000000,
          "stddev" : 0.000000,
          "N" : 0
        },
        "bw_min" : 0,
        "bw_max" : 0,
        "bw_agg" : 0.000000,
        "bw_mean" : 0.000000,
        "bw_dev" : 0.000000,
        "bw_samples" : 0,
        "iops_min" : 0,
        "iops_max" : 0,
        "iops_mean" : 0.000000,
        "iops_stddev" : 0.000000,
        "iops_samples" : 0
      },
      "sync" : {
        "total_ios" : 0,
        "lat_ns" : {
          "min" : 0,
          "max" : 0,
          "mean" : 0.000000,
          "stddev" : 0.000000,
          "N" : 0
        }
      },
      "job_runtime" : 9600002,
      "usr_cpu" : 4.673634,
      "sys_cpu" : 18.481829,
      "ctx" : 355416475,
      "majf" : 0,
      "minf" : 218,
      "iodepth_level" : {
        "1" : 100.000000,
        "2" : 0.000000,
        "4" : 0.000000,
        "8" : 0.000000,
        "16" : 0.000000,
        "32" : 0.000000,
        ">=64" : 0.000000
      },
      "iodepth_submit" : {
        "0" : 0.000000,
        "4" : 100.000000,
        "8" : 0.000000,
        "16" : 0.000000,
        "32" : 0.000000,
        "64" : 0.000000,
        ">=64" : 0.000000
      },
      "iodepth_complete" : {
        "0" : 0.000000,
        "4" : 100.000000,
        "8" : 0.000000,
        "16" : 0.000000,
        "32" : 0.000000,
        "64" : 0.000000,
        ">=64" : 0.000000
      },
      "latency_ns" : {
        "2" : 0.000000,
        "4" : 0.000000,
        "10" : 0.000000,
        "20" : 0.000000,
        "50" : 0.000000,
        "100" : 0.000000,
        "250" : 0.000000,
        "500" : 0.000000,
        "750" : 0.000000,
        "1000" : 0.000000
      },
      "latency_us" : {
        "2" : 0.000000,
        "4" : 0.000000,
        "10" : 0.010000,
        "20" : 14.136443,
        "50" : 75.560589,
        "100" : 8.942823,
        "250" : 1.147224,
        "500" : 0.160023,
        "750" : 0.029729,
        "1000" : 0.010000
      },
      "latency_ms" : {
        "2" : 0.010000,
        "4" : 0.010000,
        "10" : 0.010000,
        "20" : 0.010000,
        "50" : 0.010000,
        "100" : 0.010000,
        "250" : 0.010000,
        "500" : 0.010000,
        "750" : 0.000000,
        "1000" : 0.000000,
        "2000" : 0.000000,
        ">=2000" : 0.000000
      },
      "latency_depth" : 1,
      "latency_target" : 0,
      "latency_percentile" : 100.000000,
      "latency_window" : 0
    }
  ]
}
