{
  "fio version" : "fio-3.39",
  "timestamp" : 1774368032,
  "timestamp_ms" : 1774368032948,
  "time" : "Tue Mar 24 17:00:32 2026",
  "jobs" : [
    {
      "jobname" : "seq_rw",
      "groupid" : 0,
      "job_start" : 1774367432842,
      "error" : 0,
      "eta" : 0,
      "elapsed" : 601,
      "job options" : {
        "name" : "seq_rw",
        "directory" : "/home/lockin/code/iofs-ng/benchmark/mnt",
        "ioengine" : "psync",
        "rw" : "readwrite",
        "bs" : "1M",
        "size" : "2G",
        "numjobs" : "1",
        "group_reporting" : "",
        "time_based" : "",
        "runtime" : "600"
      },
      "read" : {
        "io_bytes" : 888978538496,
        "io_kbytes" : 868143104,
        "bw_bytes" : 1481628428,
        "bw" : 1446902,
        "iops" : 1412.990978,
        "runtime" : 600001,
        "total_ios" : 847796,
        "short_ios" : 0,
        "drop_ios" : 0,
        "slat_ns" : {
          "min" : 0,
          "max" : 0,
          "mean" : 0.000000,
          "stddev" : 0.000000,
          "N" : 0
        },
        "clat_ns" : {
          "min" : 19937,
          "max" : 91228577,
          "mean" : 336593.029086,
          "stddev" : 501556.066075,
          "N" : 847796,
          "percentile" : {
            "1.000000" : 142336,
            "5.000000" : 156672,
            "10.000000" : 164864,
            "20.000000" : 177152,
            "30.000000" : 189440,
            "40.000000" : 203776,
            "50.000000" : 222208,
            "60.000000" : 244736,
            "70.000000" : 280576,
            "80.000000" : 354304,
            "90.000000" : 659456,
            "95.000000" : 782336,
            "99.000000" : 1515520,
            "99.500000" : 2703360,
            "99.900000" : 6979584,
            "99.950000" : 8978432,
            "99.990000" : 14483456
          }
        },
        "lat_ns" : {
          "min" : 19967,
          "max" : 91228647,
          "mean" : 336654.207546,
          "stddev" : 501680.921267,
          "N" : 847796
        },
        "bw_min" : 745472,
        "bw_max" : 2033635,
        "bw_agg" : 100.000000,
        "bw_mean" : 1447622.207673,
        "bw_dev" : 192717.541602,
        "bw_samples" : 1199,
        "iops_min" : 728,
        "iops_max" : 1985,
        "iops_mean" : 1413.609675,
        "iops_stddev" : 188.169881,
        "iops_samples" : 1199
      },
      "write" : {
        "io_bytes" : 887845027840,
        "io_kbytes" : 867036160,
        "bw_bytes" : 1479739246,
        "bw" : 1445057,
        "iops" : 1411.189315,
        "runtime" : 600001,
        "total_ios" : 846715,
        "short_ios" : 0,
        "drop_ios" : 0,
        "slat_ns" : {
          "min" : 0,
          "max" : 0,
          "mean" : 0.000000,
          "stddev" : 0.000000,
          "N" : 0
        },
        "clat_ns" : {
          "min" : 139331,
          "max" : 110890099,
          "mean" : 366389.597143,
          "stddev" : 422278.161071,
          "N" : 846715,
          "percentile" : {
            "1.000000" : 218112,
            "5.000000" : 240640,
            "10.000000" : 252928,
            "20.000000" : 268288,
            "30.000000" : 280576,
            "40.000000" : 296960,
            "50.000000" : 309248,
            "60.000000" : 325632,
            "70.000000" : 346112,
            "80.000000" : 374784,
            "90.000000" : 456704,
            "95.000000" : 544768,
            "99.000000" : 1302528,
            "99.500000" : 2473984,
            "99.900000" : 5996544,
            "99.950000" : 7897088,
            "99.990000" : 12386304
          }
        },
        "lat_ns" : {
          "min" : 141605,
          "max" : 110892584,
          "mean" : 369991.096194,
          "stddev" : 424720.176116,
          "N" : 846715
        },
        "bw_min" : 727040,
        "bw_max" : 2002944,
        "bw_agg" : 100.000000,
        "bw_mean" : 1445788.144287,
        "bw_dev" : 187153.885620,
        "bw_samples" : 1199,
        "iops_min" : 710,
        "iops_max" : 1956,
        "iops_mean" : 1411.817348,
        "iops_stddev" : 182.735445,
        "iops_samples" : 1199
      },
      "trim" : {
        "io_bytes" : 0,
        "io_kbytes" : 0,
        "bw_bytes" : 0,
        "bw" : 0,
        "iops" : 0.000000,
        "runtime" : 0,
        "total_ios" : 0,
        "short_ios" : 0,
        "drop_ios" : 0,
        "slat_ns" : {
          "min" : 0,
          "max" : 0,
          "mean" : 0.000000,
          "stddev" : 0.000000,
          "N" : 0
        },
        "clat_ns" : {
          "min" : 0,
          "max" : 0,
          "mean" : 0.000000,
          "stddev" : 0.000000,
          "N" : 0
        },
        "lat_ns" : {
          "min" : 0,
          "max" : 0,
          "mean" : 0.000000,
          "stddev" : 0.000000,
          "N" : 0
        },
        "bw_min" : 0,
        "bw_max" : 0,
        "bw_agg" : 0.000000,
        "bw_mean" : 0.000000,
        "bw_dev" : 0.000000,
        "bw_samples" : 0,
        "iops_min" : 0,
        "iops_max" : 0,
        "iops_mean" : 0.000000,
        "iops_stddev" : 0.000000,
        "iops_samples" : 0
      },
      "sync" : {
        "total_ios" : 0,
        "lat_ns" : {
          "min" : 0,
          "max" : 0,
          "mean" : 0.000000,
          "stddev" : 0.000000,
          "N" : 0
        }
      },
      "job_runtime" : 600000,
      "usr_cpu" : 0.899833,
      "sys_cpu" : 47.534500,
      "ctx" : 4528328,
      "majf" : 0,
      "minf" : 10,
      "iodepth_level" : {
        "1" : 100.000000,
        "2" : 0.000000,
        "4" : 0.000000,
        "8" : 0.000000,
        "16" : 0.000000,
        "32" : 0.000000,
        ">=64" : 0.000000
      },
      "iodepth_submit" : {
        "0" : 0.000000,
        "4" : 100.000000,
        "8" : 0.000000,
        "16" : 0.000000,
        "32" : 0.000000,
        "64" : 0.000000,
        ">=64" : 0.000000
      },
      "iodepth_complete" : {
        "0" : 0.000000,
        "4" : 100.000000,
        "8" : 0.000000,
        "16" : 0.000000,
        "32" : 0.000000,
        "64" : 0.000000,
        ">=64" : 0.000000
      },
      "latency_ns" : {
        "2" : 0.000000,
        "4" : 0.000000,
        "10" : 0.000000,
        "20" : 0.000000,
        "50" : 0.000000,
        "100" : 0.000000,
        "250" : 0.000000,
        "500" : 0.000000,
        "750" : 0.000000,
        "1000" : 0.000000
      },
      "latency_us" : {
        "2" : 0.000000,
        "4" : 0.000000,
        "10" : 0.000000,
        "20" : 0.010000,
        "50" : 0.033815,
        "100" : 0.037474,
        "250" : 34.789565,
        "500" : 53.134267,
        "750" : 7.689180,
        "1000" : 2.448612
      },
      "latency_ms" : {
        "2" : 1.212680,
        "4" : 0.388608,
        "10" : 0.236233,
        "20" : 0.027442,
        "50" : 0.010000,
        "100" : 0.010000,
        "250" : 0.010000,
        "500" : 0.000000,
        "750" : 0.000000,
        "1000" : 0.000000,
        "2000" : 0.000000,
        ">=2000" : 0.000000
      },
      "latency_depth" : 1,
      "latency_target" : 0,
      "latency_percentile" : 100.000000,
      "latency_window" : 0
    }
  ]
}
