{
  "results": [
    {
      "command": "tar xf linux-6.19.9.tar.xz -C /home/lockin/code/iofs-ng/benchmark/mnt",
      "mean": 7.18068491944,
      "stddev": 0.2008836007006194,
      "median": 7.175433162740001,
      "user": 5.293730720000001,
      "system": 2.2912484400000004,
      "min": 6.881089497740001,
      "max": 7.5255760587400005,
      "times": [
        7.23030741074,
        7.1519806507400006,
        6.967522310740001,
        7.0999634597400005,
        7.01401796074,
        7.35475873774,
        6.881089497740001,
        7.3827474327400004,
        7.1988856747400005,
        7.5255760587400005
      ],
      "memory_usage_byte": [
        1350164480,
        1350164480,
        1358487552,
        1358487552,
        1358487552,
        1358487552,
        1358487552,
        1361182720,
        1361182720,
        1361182720
      ],
      "exit_codes": [
        0,
        0,
        0,
        0,
        0,
        0,
        0,
        0,
        0,
        0
      ]
    }
  ]
}
