{
  "fio version" : "fio-3.39",
  "timestamp" : 1774368654,
  "timestamp_ms" : 1774368654375,
  "time" : "Tue Mar 24 17:10:54 2026",
  "jobs" : [
    {
      "jobname" : "rand_rw",
      "groupid" : 0,
      "job_start" : 1774368054264,
      "error" : 0,
      "eta" : 0,
      "elapsed" : 601,
      "job options" : {
        "name" : "rand_rw",
        "directory" : "/home/lockin/code/iofs-ng/benchmark/mnt",
        "ioengine" : "psync",
        "rw" : "randrw",
        "bs" : "4k",
        "size" : "500M",
        "numjobs" : "16",
        "group_reporting" : "",
        "time_based" : "",
        "runtime" : "600"
      },
      "read" : {
        "io_bytes" : 510084771840,
        "io_kbytes" : 498129660,
        "bw_bytes" : 850138452,
        "bw" : 830213,
        "iops" : 207553.333156,
        "runtime" : 600002,
        "total_ios" : 124532415,
        "short_ios" : 0,
        "drop_ios" : 0,
        "slat_ns" : {
          "min" : 0,
          "max" : 0,
          "mean" : 0.000000,
          "stddev" : 0.000000,
          "N" : 0
        },
        "clat_ns" : {
          "min" : 5029,
          "max" : 570150897,
          "mean" : 34397.832594,
          "stddev" : 256275.809117,
          "N" : 124532415,
          "percentile" : {
            "1.000000" : 14400,
            "5.000000" : 17536,
            "10.000000" : 18816,
            "20.000000" : 20608,
            "30.000000" : 22144,
            "40.000000" : 23936,
            "50.000000" : 30080,
            "60.000000" : 37120,
            "70.000000" : 39680,
            "80.000000" : 41728,
            "90.000000" : 44800,
            "95.000000" : 48896,
            "99.000000" : 134144,
            "99.500000" : 162816,
            "99.900000" : 333824,
            "99.950000" : 468992,
            "99.990000" : 1138688
          }
        },
        "lat_ns" : {
          "min" : 5039,
          "max" : 570151007,
          "mean" : 34435.265716,
          "stddev" : 256276.923636,
          "N" : 124532415
        },
        "bw_min" : 310544,
        "bw_max" : 989640,
        "bw_agg" : 100.000000,
        "bw_mean" : 830394.671393,
        "bw_dev" : 3570.045005,
        "bw_samples" : 19184,
        "iops_min" : 77636,
        "iops_max" : 247410,
        "iops_mean" : 207598.496247,
        "iops_stddev" : 892.517181,
        "iops_samples" : 19184
      },
      "write" : {
        "io_bytes" : 510182170624,
        "io_kbytes" : 498224776,
        "bw_bytes" : 850300783,
        "bw" : 830371,
        "iops" : 207592.964690,
        "runtime" : 600002,
        "total_ios" : 124556194,
        "short_ios" : 0,
        "drop_ios" : 0,
        "slat_ns" : {
          "min" : 0,
          "max" : 0,
          "mean" : 0.000000,
          "stddev" : 0.000000,
          "N" : 0
        },
        "clat_ns" : {
          "min" : 9467,
          "max" : 570089072,
          "mean" : 41539.023126,
          "stddev" : 267438.562509,
          "N" : 124556194,
          "percentile" : {
            "1.000000" : 24192,
            "5.000000" : 29824,
            "10.000000" : 33024,
            "20.000000" : 36096,
            "30.000000" : 37632,
            "40.000000" : 38656,
            "50.000000" : 39680,
            "60.000000" : 40704,
            "70.000000" : 42240,
            "80.000000" : 43264,
            "90.000000" : 45824,
            "95.000000" : 48384,
            "99.000000" : 83456,
            "99.500000" : 119296,
            "99.900000" : 362496,
            "99.950000" : 501760,
            "99.990000" : 1236992
          }
        },
        "lat_ns" : {
          "min" : 9497,
          "max" : 570089122,
          "mean" : 41588.344131,
          "stddev" : 267439.589499,
          "N" : 124556194
        },
        "bw_min" : 309664,
        "bw_max" : 986704,
        "bw_agg" : 100.000000,
        "bw_mean" : 830550.786489,
        "bw_dev" : 3551.146873,
        "bw_samples" : 19184,
        "iops_min" : 77416,
        "iops_max" : 246676,
        "iops_mean" : 207637.512927,
        "iops_stddev" : 887.792161,
        "iops_samples" : 19184
      },
      "trim" : {
        "io_bytes" : 0,
        "io_kbytes" : 0,
        "bw_bytes" : 0,
        "bw" : 0,
        "iops" : 0.000000,
        "runtime" : 0,
        "total_ios" : 0,
        "short_ios" : 0,
        "drop_ios" : 0,
        "slat_ns" : {
          "min" : 0,
          "max" : 0,
          "mean" : 0.000000,
          "stddev" : 0.000000,
          "N" : 0
        },
        "clat_ns" : {
          "min" : 0,
          "max" : 0,
          "mean" : 0.000000,
          "stddev" : 0.000000,
          "N" : 0
        },
        "lat_ns" : {
          "min" : 0,
          "max" : 0,
          "mean" : 0.000000,
          "stddev" : 0.000000,
          "N" : 0
        },
        "bw_min" : 0,
        "bw_max" : 0,
        "bw_agg" : 0.000000,
        "bw_mean" : 0.000000,
        "bw_dev" : 0.000000,
        "bw_samples" : 0,
        "iops_min" : 0,
        "iops_max" : 0,
        "iops_mean" : 0.000000,
        "iops_stddev" : 0.000000,
        "iops_samples" : 0
      },
      "sync" : {
        "total_ios" : 0,
        "lat_ns" : {
          "min" : 0,
          "max" : 0,
          "mean" : 0.000000,
          "stddev" : 0.000000,
          "N" : 0
        }
      },
      "job_runtime" : 9600002,
      "usr_cpu" : 3.705187,
      "sys_cpu" : 18.819288,
      "ctx" : 438324848,
      "majf" : 0,
      "minf" : 202,
      "iodepth_level" : {
        "1" : 100.000000,
        "2" : 0.000000,
        "4" : 0.000000,
        "8" : 0.000000,
        "16" : 0.000000,
        "32" : 0.000000,
        ">=64" : 0.000000
      },
      "iodepth_submit" : {
        "0" : 0.000000,
        "4" : 100.000000,
        "8" : 0.000000,
        "16" : 0.000000,
        "32" : 0.000000,
        "64" : 0.000000,
        ">=64" : 0.000000
      },
      "iodepth_complete" : {
        "0" : 0.000000,
        "4" : 100.000000,
        "8" : 0.000000,
        "16" : 0.000000,
        "32" : 0.000000,
        "64" : 0.000000,
        ">=64" : 0.000000
      },
      "latency_ns" : {
        "2" : 0.000000,
        "4" : 0.000000,
        "10" : 0.000000,
        "20" : 0.000000,
        "50" : 0.000000,
        "100" : 0.000000,
        "250" : 0.000000,
        "500" : 0.000000,
        "750" : 0.000000,
        "1000" : 0.000000
      },
      "latency_us" : {
        "2" : 0.000000,
        "4" : 0.000000,
        "10" : 0.020254,
        "20" : 8.001365,
        "50" : 87.848488,
        "100" : 2.680264,
        "250" : 1.264758,
        "500" : 0.137578,
        "750" : 0.026139,
        "1000" : 0.010000
      },
      "latency_ms" : {
        "2" : 0.010000,
        "4" : 0.010000,
        "10" : 0.010000,
        "20" : 0.010000,
        "50" : 0.010000,
        "100" : 0.010000,
        "250" : 0.010000,
        "500" : 0.010000,
        "750" : 0.010000,
        "1000" : 0.000000,
        "2000" : 0.000000,
        ">=2000" : 0.000000
      },
      "latency_depth" : 1,
      "latency_target" : 0,
      "latency_percentile" : 100.000000,
      "latency_window" : 0
    }
  ]
}
