{
  "fio version" : "fio-3.39",
  "timestamp" : 1774375013,
  "timestamp_ms" : 1774375013335,
  "time" : "Tue Mar 24 18:56:53 2026",
  "jobs" : [
    {
      "jobname" : "rand_rw",
      "groupid" : 0,
      "job_start" : 1774374413229,
      "error" : 0,
      "eta" : 0,
      "elapsed" : 601,
      "job options" : {
        "name" : "rand_rw",
        "directory" : "/home/lockin/code/iofs-ng/benchmark/mnt",
        "ioengine" : "psync",
        "rw" : "randrw",
        "bs" : "4k",
        "size" : "500M",
        "numjobs" : "16",
        "group_reporting" : "",
        "time_based" : "",
        "runtime" : "600"
      },
      "read" : {
        "io_bytes" : 432664498176,
        "io_kbytes" : 422523924,
        "bw_bytes" : 721105093,
        "bw" : 704204,
        "iops" : 176051.048163,
        "runtime" : 600002,
        "total_ios" : 105630981,
        "short_ios" : 0,
        "drop_ios" : 0,
        "slat_ns" : {
          "min" : 0,
          "max" : 0,
          "mean" : 0.000000,
          "stddev" : 0.000000,
          "N" : 0
        },
        "clat_ns" : {
          "min" : 8986,
          "max" : 692020669,
          "mean" : 54508.364513,
          "stddev" : 437402.665285,
          "N" : 105630981,
          "percentile" : {
            "1.000000" : 20352,
            "5.000000" : 24192,
            "10.000000" : 26752,
            "20.000000" : 30848,
            "30.000000" : 35072,
            "40.000000" : 41216,
            "50.000000" : 49408,
            "60.000000" : 56064,
            "70.000000" : 62208,
            "80.000000" : 69120,
            "90.000000" : 80384,
            "95.000000" : 94720,
            "99.000000" : 158720,
            "99.500000" : 197632,
            "99.900000" : 391168,
            "99.950000" : 514048,
            "99.990000" : 1171456
          }
        },
        "lat_ns" : {
          "min" : 9006,
          "max" : 692020719,
          "mean" : 54553.640152,
          "stddev" : 437402.935039,
          "N" : 105630981
        },
        "bw_min" : 70232,
        "bw_max" : 798536,
        "bw_agg" : 100.000000,
        "bw_mean" : 704364.803169,
        "bw_dev" : 3605.501111,
        "bw_samples" : 19184,
        "iops_min" : 17558,
        "iops_max" : 199634,
        "iops_mean" : 176091.058382,
        "iops_stddev" : 901.376442,
        "iops_samples" : 19184
      },
      "write" : {
        "io_bytes" : 432746573824,
        "io_kbytes" : 422604076,
        "bw_bytes" : 721241885,
        "bw" : 704337,
        "iops" : 176084.444719,
        "runtime" : 600002,
        "total_ios" : 105651019,
        "short_ios" : 0,
        "drop_ios" : 0,
        "slat_ns" : {
          "min" : 0,
          "max" : 0,
          "mean" : 0.000000,
          "stddev" : 0.000000,
          "N" : 0
        },
        "clat_ns" : {
          "min" : 7865,
          "max" : 691922354,
          "mean" : 35169.040084,
          "stddev" : 370761.979281,
          "N" : 105651019,
          "percentile" : {
            "1.000000" : 18048,
            "5.000000" : 21120,
            "10.000000" : 23168,
            "20.000000" : 25728,
            "30.000000" : 27776,
            "40.000000" : 29568,
            "50.000000" : 31616,
            "60.000000" : 34048,
            "70.000000" : 36608,
            "80.000000" : 40192,
            "90.000000" : 46848,
            "95.000000" : 53504,
            "99.000000" : 77312,
            "99.500000" : 103936,
            "99.900000" : 301056,
            "99.950000" : 407552,
            "99.990000" : 823296
          }
        },
        "lat_ns" : {
          "min" : 7895,
          "max" : 691922394,
          "mean" : 35227.732466,
          "stddev" : 370762.583294,
          "N" : 105651019
        },
        "bw_min" : 68616,
        "bw_max" : 798200,
        "bw_agg" : 100.000000,
        "bw_mean" : 704494.649708,
        "bw_dev" : 3601.662242,
        "bw_samples" : 19184,
        "iops_min" : 17154,
        "iops_max" : 199550,
        "iops_mean" : 176123.521268,
        "iops_stddev" : 900.415750,
        "iops_samples" : 19184
      },
      "trim" : {
        "io_bytes" : 0,
        "io_kbytes" : 0,
        "bw_bytes" : 0,
        "bw" : 0,
        "iops" : 0.000000,
        "runtime" : 0,
        "total_ios" : 0,
        "short_ios" : 0,
        "drop_ios" : 0,
        "slat_ns" : {
          "min" : 0,
          "max" : 0,
          "mean" : 0.000000,
          "stddev" : 0.000000,
          "N" : 0
        },
        "clat_ns" : {
          "min" : 0,
          "max" : 0,
          "mean" : 0.000000,
          "stddev" : 0.000000,
          "N" : 0
        },
        "lat_ns" : {
          "min" : 0,
          "max" : 0,
          "mean" : 0.000000,
          "stddev" : 0.000000,
          "N" : 0
        },
        "bw_min" : 0,
        "bw_max" : 0,
        "bw_agg" : 0.000000,
        "bw_mean" : 0.000000,
        "bw_dev" : 0.000000,
        "bw_samples" : 0,
        "iops_min" : 0,
        "iops_max" : 0,
        "iops_mean" : 0.000000,
        "iops_stddev" : 0.000000,
        "iops_samples" : 0
      },
      "sync" : {
        "total_ios" : 0,
        "lat_ns" : {
          "min" : 0,
          "max" : 0,
          "mean" : 0.000000,
          "stddev" : 0.000000,
          "N" : 0
        }
      },
      "job_runtime" : 9600106,
      "usr_cpu" : 3.369411,
      "sys_cpu" : 13.429643,
      "ctx" : 265328085,
      "majf" : 5,
      "minf" : 258,
      "iodepth_level" : {
        "1" : 100.000000,
        "2" : 0.000000,
        "4" : 0.000000,
        "8" : 0.000000,
        "16" : 0.000000,
        "32" : 0.000000,
        ">=64" : 0.000000
      },
      "iodepth_submit" : {
        "0" : 0.000000,
        "4" : 100.000000,
        "8" : 0.000000,
        "16" : 0.000000,
        "32" : 0.000000,
        "64" : 0.000000,
        ">=64" : 0.000000
      },
      "iodepth_complete" : {
        "0" : 0.000000,
        "4" : 100.000000,
        "8" : 0.000000,
        "16" : 0.000000,
        "32" : 0.000000,
        "64" : 0.000000,
        ">=64" : 0.000000
      },
      "latency_ns" : {
        "2" : 0.000000,
        "4" : 0.000000,
        "10" : 0.000000,
        "20" : 0.000000,
        "50" : 0.000000,
        "100" : 0.000000,
        "250" : 0.000000,
        "500" : 0.000000,
        "750" : 0.000000,
        "1000" : 0.000000
      },
      "latency_us" : {
        "2" : 0.000000,
        "4" : 0.000000,
        "10" : 0.010000,
        "20" : 1.861139,
        "50" : 69.938481,
        "100" : 25.798614,
        "250" : 2.190633,
        "500" : 0.169222,
        "750" : 0.026109,
        "1000" : 0.010000
      },
      "latency_ms" : {
        "2" : 0.010000,
        "4" : 0.010000,
        "10" : 0.010000,
        "20" : 0.010000,
        "50" : 0.010000,
        "100" : 0.010000,
        "250" : 0.010000,
        "500" : 0.010000,
        "750" : 0.010000,
        "1000" : 0.000000,
        "2000" : 0.000000,
        ">=2000" : 0.000000
      },
      "latency_depth" : 1,
      "latency_target" : 0,
      "latency_percentile" : 100.000000,
      "latency_window" : 0
    }
  ]
}
