{
  "fio version" : "fio-3.39",
  "timestamp" : 1774374395,
  "timestamp_ms" : 1774374395096,
  "time" : "Tue Mar 24 18:46:35 2026",
  "jobs" : [
    {
      "jobname" : "seq_rw",
      "groupid" : 0,
      "job_start" : 1774373794945,
      "error" : 0,
      "eta" : 0,
      "elapsed" : 601,
      "job options" : {
        "name" : "seq_rw",
        "directory" : "/home/lockin/code/iofs-ng/benchmark/mnt",
        "ioengine" : "psync",
        "rw" : "readwrite",
        "bs" : "1M",
        "size" : "2G",
        "numjobs" : "1",
        "group_reporting" : "",
        "time_based" : "",
        "runtime" : "600"
      },
      "read" : {
        "io_bytes" : 742781878272,
        "io_kbytes" : 725372928,
        "bw_bytes" : 1237967733,
        "bw" : 1208952,
        "iops" : 1180.618032,
        "runtime" : 600001,
        "total_ios" : 708372,
        "short_ios" : 0,
        "drop_ios" : 0,
        "slat_ns" : {
          "min" : 0,
          "max" : 0,
          "mean" : 0.000000,
          "stddev" : 0.000000,
          "N" : 0
        },
        "clat_ns" : {
          "min" : 20789,
          "max" : 64654313,
          "mean" : 448667.610164,
          "stddev" : 541153.556336,
          "N" : 708372,
          "percentile" : {
            "1.000000" : 207872,
            "5.000000" : 228352,
            "10.000000" : 240640,
            "20.000000" : 257024,
            "30.000000" : 272384,
            "40.000000" : 296960,
            "50.000000" : 325632,
            "60.000000" : 358400,
            "70.000000" : 407552,
            "80.000000" : 585728,
            "90.000000" : 774144,
            "95.000000" : 929792,
            "99.000000" : 1712128,
            "99.500000" : 2867200,
            "99.900000" : 7962624,
            "99.950000" : 10551296,
            "99.990000" : 16449536
          }
        },
        "lat_ns" : {
          "min" : 20819,
          "max" : 64654363,
          "mean" : 448734.838739,
          "stddev" : 541221.464883,
          "N" : 708372
        },
        "bw_min" : 882688,
        "bw_max" : 1566720,
        "bw_agg" : 100.000000,
        "bw_mean" : 1209721.599666,
        "bw_dev" : 112907.923707,
        "bw_samples" : 1199,
        "iops_min" : 862,
        "iops_max" : 1530,
        "iops_mean" : 1181.311927,
        "iops_stddev" : 110.239023,
        "iops_samples" : 1199
      },
      "write" : {
        "io_bytes" : 741621104640,
        "io_kbytes" : 724239360,
        "bw_bytes" : 1236033114,
        "bw" : 1207063,
        "iops" : 1178.773035,
        "runtime" : 600001,
        "total_ios" : 707265,
        "short_ios" : 0,
        "drop_ios" : 0,
        "slat_ns" : {
          "min" : 0,
          "max" : 0,
          "mean" : 0.000000,
          "stddev" : 0.000000,
          "N" : 0
        },
        "clat_ns" : {
          "min" : 148298,
          "max" : 64186404,
          "mean" : 393672.453317,
          "stddev" : 363897.830522,
          "N" : 707265,
          "percentile" : {
            "1.000000" : 238592,
            "5.000000" : 268288,
            "10.000000" : 280576,
            "20.000000" : 301056,
            "30.000000" : 317440,
            "40.000000" : 329728,
            "50.000000" : 342016,
            "60.000000" : 362496,
            "70.000000" : 387072,
            "80.000000" : 419840,
            "90.000000" : 477184,
            "95.000000" : 561152,
            "99.000000" : 1187840,
            "99.500000" : 1826816,
            "99.900000" : 5144576,
            "99.950000" : 7045120,
            "99.990000" : 11730944
          }
        },
        "lat_ns" : {
          "min" : 150232,
          "max" : 64219747,
          "mean" : 397432.638557,
          "stddev" : 365768.300843,
          "N" : 707265
        },
        "bw_min" : 892928,
        "bw_max" : 1615872,
        "bw_agg" : 100.000000,
        "bw_mean" : 1207764.915763,
        "bw_dev" : 109910.118184,
        "bw_samples" : 1199,
        "iops_min" : 872,
        "iops_max" : 1578,
        "iops_mean" : 1179.400334,
        "iops_stddev" : 107.308022,
        "iops_samples" : 1199
      },
      "trim" : {
        "io_bytes" : 0,
        "io_kbytes" : 0,
        "bw_bytes" : 0,
        "bw" : 0,
        "iops" : 0.000000,
        "runtime" : 0,
        "total_ios" : 0,
        "short_ios" : 0,
        "drop_ios" : 0,
        "slat_ns" : {
          "min" : 0,
          "max" : 0,
          "mean" : 0.000000,
          "stddev" : 0.000000,
          "N" : 0
        },
        "clat_ns" : {
          "min" : 0,
          "max" : 0,
          "mean" : 0.000000,
          "stddev" : 0.000000,
          "N" : 0
        },
        "lat_ns" : {
          "min" : 0,
          "max" : 0,
          "mean" : 0.000000,
          "stddev" : 0.000000,
          "N" : 0
        },
        "bw_min" : 0,
        "bw_max" : 0,
        "bw_agg" : 0.000000,
        "bw_mean" : 0.000000,
        "bw_dev" : 0.000000,
        "bw_samples" : 0,
        "iops_min" : 0,
        "iops_max" : 0,
        "iops_mean" : 0.000000,
        "iops_stddev" : 0.000000,
        "iops_samples" : 0
      },
      "sync" : {
        "total_ios" : 0,
        "lat_ns" : {
          "min" : 0,
          "max" : 0,
          "mean" : 0.000000,
          "stddev" : 0.000000,
          "N" : 0
        }
      },
      "job_runtime" : 600000,
      "usr_cpu" : 0.759167,
      "sys_cpu" : 41.449000,
      "ctx" : 2989123,
      "majf" : 0,
      "minf" : 10,
      "iodepth_level" : {
        "1" : 100.000000,
        "2" : 0.000000,
        "4" : 0.000000,
        "8" : 0.000000,
        "16" : 0.000000,
        "32" : 0.000000,
        ">=64" : 0.000000
      },
      "iodepth_submit" : {
        "0" : 0.000000,
        "4" : 100.000000,
        "8" : 0.000000,
        "16" : 0.000000,
        "32" : 0.000000,
        "64" : 0.000000,
        ">=64" : 0.000000
      },
      "iodepth_complete" : {
        "0" : 0.000000,
        "4" : 100.000000,
        "8" : 0.000000,
        "16" : 0.000000,
        "32" : 0.000000,
        "64" : 0.000000,
        ">=64" : 0.000000
      },
      "latency_ns" : {
        "2" : 0.000000,
        "4" : 0.000000,
        "10" : 0.000000,
        "20" : 0.000000,
        "50" : 0.000000,
        "100" : 0.000000,
        "250" : 0.000000,
        "500" : 0.000000,
        "750" : 0.000000,
        "1000" : 0.000000
      },
      "latency_us" : {
        "2" : 0.000000,
        "4" : 0.000000,
        "10" : 0.000000,
        "20" : 0.000000,
        "50" : 0.033766,
        "100" : 0.036379,
        "250" : 8.734654,
        "500" : 75.684233,
        "750" : 8.454215,
        "1000" : 4.394700
      },
      "latency_ms" : {
        "2" : 2.042331,
        "4" : 0.374743,
        "10" : 0.208034,
        "20" : 0.033483,
        "50" : 0.010000,
        "100" : 0.010000,
        "250" : 0.000000,
        "500" : 0.000000,
        "750" : 0.000000,
        "1000" : 0.000000,
        "2000" : 0.000000,
        ">=2000" : 0.000000
      },
      "latency_depth" : 1,
      "latency_target" : 0,
      "latency_percentile" : 100.000000,
      "latency_window" : 0
    }
  ]
}
