{
  "results": [
    {
      "command": "tar xf linux-6.19.9.tar.xz -C /home/lockin/code/iofs-ng/benchmark/mnt",
      "mean": 7.7697643360600015,
      "stddev": 0.5855310761167528,
      "median": 7.54565304596,
      "user": 5.2433583200000005,
      "system": 2.0744771,
      "min": 7.1509665799599995,
      "max": 9.06581298096,
      "times": [
        7.41979556796,
        7.1509665799599995,
        7.4037772539599995,
        7.59100294196,
        7.67315838596,
        7.50030314996,
        8.33616218196,
        7.37109063196,
        9.06581298096,
        8.185573685960001
      ],
      "memory_usage_byte": [
        1321865216,
        1337737216,
        1337737216,
        1339084800,
        1347923968,
        1347923968,
        1347923968,
        1347923968,
        1347923968,
        1347923968
      ],
      "exit_codes": [
        0,
        0,
        0,
        0,
        0,
        0,
        0,
        0,
        0,
        0
      ]
    }
  ]
}
