{
  "fio version" : "fio-3.39",
  "timestamp" : 1774360560,
  "timestamp_ms" : 1774360560887,
  "time" : "Tue Mar 24 14:56:00 2026",
  "jobs" : [
    {
      "jobname" : "rand_rw",
      "groupid" : 0,
      "job_start" : 1774359960804,
      "error" : 0,
      "eta" : 0,
      "elapsed" : 601,
      "job options" : {
        "name" : "rand_rw",
        "directory" : "/home/lockin/code/iofs-ng/benchmark/mnt",
        "ioengine" : "psync",
        "rw" : "randrw",
        "bs" : "4k",
        "size" : "500M",
        "numjobs" : "16",
        "group_reporting" : "",
        "time_based" : "",
        "runtime" : "600"
      },
      "read" : {
        "io_bytes" : 462291566592,
        "io_kbytes" : 451456608,
        "bw_bytes" : 770483376,
        "bw" : 752425,
        "iops" : 188106.292979,
        "runtime" : 600002,
        "total_ios" : 112864152,
        "short_ios" : 0,
        "drop_ios" : 0,
        "slat_ns" : {
          "min" : 0,
          "max" : 0,
          "mean" : 0.000000,
          "stddev" : 0.000000,
          "N" : 0
        },
        "clat_ns" : {
          "min" : 310,
          "max" : 420910043,
          "mean" : 80309.574512,
          "stddev" : 464007.786053,
          "N" : 112864152,
          "percentile" : {
            "1.000000" : 860,
            "5.000000" : 51968,
            "10.000000" : 52992,
            "20.000000" : 55040,
            "30.000000" : 57088,
            "40.000000" : 59648,
            "50.000000" : 64768,
            "60.000000" : 77312,
            "70.000000" : 86528,
            "80.000000" : 93696,
            "90.000000" : 118272,
            "95.000000" : 144384,
            "99.000000" : 216064,
            "99.500000" : 244736,
            "99.900000" : 733184,
            "99.950000" : 1515520,
            "99.990000" : 4489216
          }
        },
        "lat_ns" : {
          "min" : 330,
          "max" : 420910084,
          "mean" : 80341.425399,
          "stddev" : 464008.099174,
          "N" : 112864152
        },
        "bw_min" : 109160,
        "bw_max" : 1427023,
        "bw_agg" : 100.000000,
        "bw_mean" : 753043.668891,
        "bw_dev" : 9453.061070,
        "bw_samples" : 19184,
        "iops_min" : 27290,
        "iops_max" : 356755,
        "iops_mean" : 188260.166806,
        "iops_stddev" : 2363.269299,
        "iops_samples" : 19184
      },
      "write" : {
        "io_bytes" : 462385688576,
        "io_kbytes" : 451548524,
        "bw_bytes" : 770640245,
        "bw" : 752578,
        "iops" : 188144.591185,
        "runtime" : 600002,
        "total_ios" : 112887131,
        "short_ios" : 0,
        "drop_ios" : 0,
        "slat_ns" : {
          "min" : 0,
          "max" : 0,
          "mean" : 0.000000,
          "stddev" : 0.000000,
          "N" : 0
        },
        "clat_ns" : {
          "min" : 431,
          "max" : 281853999,
          "mean" : 2091.952045,
          "stddev" : 72498.872068,
          "N" : 112887131,
          "percentile" : {
            "1.000000" : 980,
            "5.000000" : 1160,
            "10.000000" : 1256,
            "20.000000" : 1416,
            "30.000000" : 1560,
            "40.000000" : 1672,
            "50.000000" : 1784,
            "60.000000" : 1912,
            "70.000000" : 2064,
            "80.000000" : 2320,
            "90.000000" : 2768,
            "95.000000" : 3280,
            "99.000000" : 5216,
            "99.500000" : 6240,
            "99.900000" : 17024,
            "99.950000" : 62208,
            "99.990000" : 257024
          }
        },
        "lat_ns" : {
          "min" : 451,
          "max" : 281854049,
          "mean" : 2135.827162,
          "stddev" : 72499.359062,
          "N" : 112887131
        },
        "bw_min" : 107376,
        "bw_max" : 1428528,
        "bw_agg" : 100.000000,
        "bw_mean" : 753199.652210,
        "bw_dev" : 9491.449838,
        "bw_samples" : 19184,
        "iops_min" : 26844,
        "iops_max" : 357132,
        "iops_mean" : 188299.180984,
        "iops_stddev" : 2372.865547,
        "iops_samples" : 19184
      },
      "trim" : {
        "io_bytes" : 0,
        "io_kbytes" : 0,
        "bw_bytes" : 0,
        "bw" : 0,
        "iops" : 0.000000,
        "runtime" : 0,
        "total_ios" : 0,
        "short_ios" : 0,
        "drop_ios" : 0,
        "slat_ns" : {
          "min" : 0,
          "max" : 0,
          "mean" : 0.000000,
          "stddev" : 0.000000,
          "N" : 0
        },
        "clat_ns" : {
          "min" : 0,
          "max" : 0,
          "mean" : 0.000000,
          "stddev" : 0.000000,
          "N" : 0
        },
        "lat_ns" : {
          "min" : 0,
          "max" : 0,
          "mean" : 0.000000,
          "stddev" : 0.000000,
          "N" : 0
        },
        "bw_min" : 0,
        "bw_max" : 0,
        "bw_agg" : 0.000000,
        "bw_mean" : 0.000000,
        "bw_dev" : 0.000000,
        "bw_samples" : 0,
        "iops_min" : 0,
        "iops_max" : 0,
        "iops_mean" : 0.000000,
        "iops_stddev" : 0.000000,
        "iops_samples" : 0
      },
      "sync" : {
        "total_ios" : 0,
        "lat_ns" : {
          "min" : 0,
          "max" : 0,
          "mean" : 0.000000,
          "stddev" : 0.000000,
          "N" : 0
        }
      },
      "job_runtime" : 9600001,
      "usr_cpu" : 1.812656,
      "sys_cpu" : 9.948009,
      "ctx" : 109273187,
      "majf" : 0,
      "minf" : 212,
      "iodepth_level" : {
        "1" : 100.000000,
        "2" : 0.000000,
        "4" : 0.000000,
        "8" : 0.000000,
        "16" : 0.000000,
        "32" : 0.000000,
        ">=64" : 0.000000
      },
      "iodepth_submit" : {
        "0" : 0.000000,
        "4" : 100.000000,
        "8" : 0.000000,
        "16" : 0.000000,
        "32" : 0.000000,
        "64" : 0.000000,
        ">=64" : 0.000000
      },
      "iodepth_complete" : {
        "0" : 0.000000,
        "4" : 100.000000,
        "8" : 0.000000,
        "16" : 0.000000,
        "32" : 0.000000,
        "64" : 0.000000,
        ">=64" : 0.000000
      },
      "latency_ns" : {
        "2" : 0.000000,
        "4" : 0.000000,
        "10" : 0.000000,
        "20" : 0.000000,
        "50" : 0.000000,
        "100" : 0.000000,
        "250" : 0.000000,
        "500" : 0.010000,
        "750" : 0.236228,
        "1000" : 1.227935
      },
      "latency_us" : {
        "2" : 33.372243,
        "4" : 15.767770,
        "10" : 1.174001,
        "20" : 0.036309,
        "50" : 0.053120,
        "100" : 40.116239,
        "250" : 7.784758,
        "500" : 0.159557,
        "750" : 0.020184,
        "1000" : 0.012160
      },
      "latency_ms" : {
        "2" : 0.015077,
        "4" : 0.011742,
        "10" : 0.010000,
        "20" : 0.010000,
        "50" : 0.010000,
        "100" : 0.010000,
        "250" : 0.010000,
        "500" : 0.010000,
        "750" : 0.000000,
        "1000" : 0.000000,
        "2000" : 0.000000,
        ">=2000" : 0.000000
      },
      "latency_depth" : 1,
      "latency_target" : 0,
      "latency_percentile" : 100.000000,
      "latency_window" : 0
    }
  ],
  "disk_util" : [
    {
      "name" : "dm-1",
      "read_ios" : 108663202,
      "write_ios" : 75316112,
      "read_sectors" : 869308048,
      "write_sectors" : 901078472,
      "read_merges" : 0,
      "write_merges" : 0,
      "read_ticks" : 8453928,
      "write_ticks" : 4256095260,
      "in_queue" : 4264549188,
      "util" : 100.000000,
      "aggr_read_ios" : 108672130,
      "aggr_write_ios" : 75356272,
      "aggr_read_sectors" : 869379472,
      "aggr_write_sectors" : 901493744,
      "aggr_read_merges" : 0,
      "aggr_write_merge" : 0,
      "aggr_read_ticks" : 8413216,
      "aggr_write_ticks" : 4261042252,
      "aggr_in_queue" : 4269455468,
      "aggr_util" : 100.000000
    },
    {
      "name" : "dm-0",
      "read_ios" : 108672130,
      "write_ios" : 75356272,
      "read_sectors" : 869379472,