{
  "fio version" : "fio-3.39",
  "timestamp" : 1774359956,
  "timestamp_ms" : 1774359956310,
  "time" : "Tue Mar 24 14:45:56 2026",
  "jobs" : [
    {
      "jobname" : "seq_rw",
      "groupid" : 0,
      "job_start" : 1774359359885,
      "error" : 0,
      "eta" : 0,
      "elapsed" : 601,
      "job options" : {
        "name" : "seq_rw",
        "directory" : "/home/lockin/code/iofs-ng/benchmark/mnt",
        "ioengine" : "psync",
        "rw" : "readwrite",
        "bs" : "1M",
        "size" : "2G",
        "numjobs" : "1",
        "group_reporting" : "",
        "time_based" : "",
        "runtime" : "600"
      },
      "read" : {
        "io_bytes" : 1264868917248,
        "io_kbytes" : 1235223552,
        "bw_bytes" : 2108002435,
        "bw" : 2058596,
        "iops" : 2010.347781,
        "runtime" : 600032,
        "total_ios" : 1206273,
        "short_ios" : 0,
        "drop_ios" : 0,
        "slat_ns" : {
          "min" : 0,
          "max" : 0,
          "mean" : 0.000000,
          "stddev" : 0.000000,
          "N" : 0
        },
        "clat_ns" : {
          "min" : 16893,
          "max" : 142655742,
          "mean" : 219346.370526,
          "stddev" : 891414.015455,
          "N" : 1206273,
          "percentile" : {
            "1.000000" : 35584,
            "5.000000" : 37120,
            "10.000000" : 38656,
            "20.000000" : 41728,
            "30.000000" : 52992,
            "40.000000" : 216064,
            "50.000000" : 224256,
            "60.000000" : 232448,
            "70.000000" : 238592,
            "80.000000" : 244736,
            "90.000000" : 268288,
            "95.000000" : 325632,
            "99.000000" : 1351680,
            "99.500000" : 1531904,
            "99.900000" : 5013504,
            "99.950000" : 6914048,
            "99.990000" : 46399488
          }
        },
        "lat_ns" : {
          "min" : 16923,
          "max" : 142657506,
          "mean" : 219381.754177,
          "stddev" : 891434.620537,
          "N" : 1206273
        },
        "bw_min" : 685386,
        "bw_max" : 4347904,
        "bw_agg" : 100.000000,
        "bw_mean" : 2060543.489540,
        "bw_dev" : 687089.862355,
        "bw_samples" : 1195,
        "iops_min" : 669,
        "iops_max" : 4246,
        "iops_mean" : 2011.818410,
        "iops_stddev" : 670.992684,
        "iops_samples" : 1195
      },
      "write" : {
        "io_bytes" : 1263996502016,
        "io_kbytes" : 1234371584,
        "bw_bytes" : 2106548487,
        "bw" : 2057176,
        "iops" : 2008.961189,
        "runtime" : 600032,
        "total_ios" : 1205441,
        "short_ios" : 0,
        "drop_ios" : 0,
        "slat_ns" : {
          "min" : 0,
          "max" : 0,
          "mean" : 0.000000,
          "stddev" : 0.000000,
          "N" : 0
        },
        "clat_ns" : {
          "min" : 50154,
          "max" : 89219786,
          "mean" : 121456.960719,
          "stddev" : 198451.706481,
          "N" : 1205441,
          "percentile" : {
            "1.000000" : 74240,
            "5.000000" : 79360,
            "10.000000" : 81408,
            "20.000000" : 85504,
            "30.000000" : 107008,
            "40.000000" : 111104,
            "50.000000" : 113152,
            "60.000000" : 115200,
            "70.000000" : 119296,
            "80.000000" : 129536,
            "90.000000" : 152576,
            "95.000000" : 207872,
            "99.000000" : 317440,
            "99.500000" : 378880,
            "99.900000" : 667648,
            "99.950000" : 839680,
            "99.990000" : 1859584
          }
        },
        "lat_ns" : {
          "min" : 52240,
          "max" : 89225521,
          "mean" : 124275.185122,
          "stddev" : 198942.500312,
          "N" : 1205441
        },
        "bw_min" : 660908,
        "bw_max" : 4194304,
        "bw_agg" : 100.000000,
        "bw_mean" : 2059022.427615,
        "bw_dev" : 689134.663008,
        "bw_samples" : 1195,
        "iops_min" : 645,
        "iops_max" : 4096,
        "iops_mean" : 2010.337238,
        "iops_stddev" : 673.003147,
        "iops_samples" : 1195
      },
      "trim" : {
        "io_bytes" : 0,
        "io_kbytes" : 0,
        "bw_bytes" : 0,
        "bw" : 0,
        "iops" : 0.000000,
        "runtime" : 0,
        "total_ios" : 0,
        "short_ios" : 0,
        "drop_ios" : 0,
        "slat_ns" : {
          "min" : 0,
          "max" : 0,
          "mean" : 0.000000,
          "stddev" : 0.000000,
          "N" : 0
        },
        "clat_ns" : {
          "min" : 0,
          "max" : 0,
          "mean" : 0.000000,
          "stddev" : 0.000000,
          "N" : 0
        },
        "lat_ns" : {
          "min" : 0,
          "max" : 0,
          "mean" : 0.000000,
          "stddev" : 0.000000,
          "N" : 0
        },
        "bw_min" : 0,
        "bw_max" : 0,
        "bw_agg" : 0.000000,
        "bw_mean" : 0.000000,
        "bw_dev" : 0.000000,
        "bw_samples" : 0,
        "iops_min" : 0,
        "iops_max" : 0,
        "iops_mean" : 0.000000,
        "iops_stddev" : 0.000000,
        "iops_samples" : 0
      },
      "sync" : {
        "total_ios" : 0,
        "lat_ns" : {
          "min" : 0,
          "max" : 0,
          "mean" : 0.000000,
          "stddev" : 0.000000,
          "N" : 0
        }
      },
      "job_runtime" : 600031,
      "usr_cpu" : 0.797625,
      "sys_cpu" : 75.312109,
      "ctx" : 2905162,
      "majf" : 0,
      "minf" : 13,
      "iodepth_level" : {
        "1" : 100.000000,
        "2" : 0.000000,
        "4" : 0.000000,
        "8" : 0.000000,
        "16" : 0.000000,
        "32" : 0.000000,
        ">=64" : 0.000000
      },
      "iodepth_submit" : {
        "0" : 0.000000,
        "4" : 100.000000,
        "8" : 0.000000,
        "16" : 0.000000,
        "32" : 0.000000,
        "64" : 0.000000,
        ">=64" : 0.000000
      },
      "iodepth_complete" : {
        "0" : 0.000000,
        "4" : 100.000000,
        "8" : 0.000000,
        "16" : 0.000000,
        "32" : 0.000000,
        "64" : 0.000000,
        ">=64" : 0.000000
      },
      "latency_ns" : {
        "2" : 0.000000,
        "4" : 0.000000,
        "10" : 0.000000,
        "20" : 0.000000,
        "50" : 0.000000,
        "100" : 0.000000,
        "250" : 0.000000,
        "500" : 0.000000,
        "750" : 0.000000,
        "1000" : 0.000000
      },
      "latency_us" : {
        "2" : 0.000000,
        "4" : 0.000000,
        "10" : 0.000000,
        "20" : 0.015881,
        "50" : 14.632332,
        "100" : 15.458384,
        "250" : 59.934055,
        "500" : 8.549355,
        "750" : 0.265496,
        "1000" : 0.169589
      },
      "latency_ms" : {
        "2" : 0.854040,
        "4" : 0.051996,
        "10" : 0.050794,
        "20" : 0.010000,
        "50" : 0.010000,
        "100" : 0.010000,
        "250" : 0.010000,
        "500" : 0.000000,
        "750" : 0.000000,
        "1000" : 0.000000,
        "2000" : 0.000000,
        ">=2000" : 0.000000
      },
      "latency_depth" : 1,
      "latency_target" : 0,
      "latency_percentile" : 100.000000,
      "latency_window" : 0
    }
  ],
  "disk_util" : [
    {
      "name" : "dm-1",
      "read_ios" : 3203315,
      "write_ios" : 108400,
      "read_sectors" : 1639006560,
      "write_sectors" : 2467210928,
      "read_merges" : 0,
      "write_merges" : 0,
      "read_ticks" : 394752,
      "write_ticks" : 5485848,
      "in_queue" : 5880600,
      "util" : 76.897415,
      "aggr_read_ios" : 6404368,
      "aggr_write_ios" : 9679828,
      "aggr_read_sectors" : 1639009120,
      "aggr_write_sectors" : 2468266800,
      "aggr_read_merges" : 0,
      "aggr_write_merge" : 0,
      "aggr_read_ticks" : 709740,
      "aggr_write_ticks" : 689505452,
      "aggr_in_queue" : 690215192,
      "aggr_util" : 76.873580
    },
    {
      "name" : "dm-0",
      "read_ios" : 6404368,
      "write_ios" : 9679828,
      "read_sectors" : 1639009120,