{
  "results": [
    {
      "command": "tar xf linux-6.19.9.tar.xz -C /home/lockin/code/iofs-ng/benchmark/mnt",
      "mean": 1.4395050547400001,
      "stddev": 0.05673999630425716,
      "median": 1.42871971384,
      "user": 7.88330718,
      "system": 1.8487663399999998,
      "min": 1.35705855984,
      "max": 1.52349597884,
      "times": [
        1.52349597884,
        1.40342266584,
        1.42126063484,
        1.47739246084,
        1.51816009984,
        1.43617879284,
        1.35705855984,
        1.37089094984,
        1.46719242084,
        1.41999798384
      ],
      "memory_usage_byte": [
        1433571328,
        1439629312,
        1463042048,
        1463042048,
        1463042048,
        1463042048,
        1466920960,
        1466920960,
        1466920960,
        1466920960
      ],
      "exit_codes": [
        0,
        0,
        0,
        0,
        0,
        0,
        0,
        0,
        0,
        0
      ]
    }
  ]
}
