{
  "fio version" : "fio-3.39",
  "timestamp" : 1774365208,
  "timestamp_ms" : 1774365208226,
  "time" : "Tue Mar 24 16:13:28 2026",
  "jobs" : [
    {
      "jobname" : "seq_rw",
      "groupid" : 0,
      "job_start" : 1774364608117,
      "error" : 0,
      "eta" : 0,
      "elapsed" : 601,
      "job options" : {
        "name" : "seq_rw",
        "directory" : "/home/lockin/code/iofs-ng/benchmark/mnt",
        "ioengine" : "psync",
        "rw" : "readwrite",
        "bs" : "1M",
        "size" : "2G",
        "numjobs" : "1",
        "group_reporting" : "",
        "time_based" : "",
        "runtime" : "600"
      },
      "read" : {
        "io_bytes" : 902690766848,
        "io_kbytes" : 881533952,
        "bw_bytes" : 1504482103,
        "bw" : 1469220,
        "iops" : 1434.785942,
        "runtime" : 600001,
        "total_ios" : 860873,
        "short_ios" : 0,
        "drop_ios" : 0,
        "slat_ns" : {
          "min" : 0,
          "max" : 0,
          "mean" : 0.000000,
          "stddev" : 0.000000,
          "N" : 0
        },
        "clat_ns" : {
          "min" : 20269,
          "max" : 69790045,
          "mean" : 335719.485997,
          "stddev" : 514315.155287,
          "N" : 860873,
          "percentile" : {
            "1.000000" : 142336,
            "5.000000" : 156672,
            "10.000000" : 164864,
            "20.000000" : 175104,
            "30.000000" : 187392,
            "40.000000" : 203776,
            "50.000000" : 222208,
            "60.000000" : 244736,
            "70.000000" : 280576,
            "80.000000" : 342016,
            "90.000000" : 659456,
            "95.000000" : 782336,
            "99.000000" : 1449984,
            "99.500000" : 2736128,
            "99.900000" : 7897088,
            "99.950000" : 9764864,
            "99.990000" : 15794176
          }
        },
        "lat_ns" : {
          "min" : 20299,
          "max" : 69790306,
          "mean" : 335771.834663,
          "stddev" : 514366.380800,
          "N" : 860873
        },
        "bw_min" : 933888,
        "bw_max" : 2023424,
        "bw_agg" : 100.000000,
        "bw_mean" : 1470126.683903,
        "bw_dev" : 178120.000580,
        "bw_samples" : 1199,
        "iops_min" : 912,
        "iops_max" : 1976,
        "iops_mean" : 1435.599666,
        "iops_stddev" : 173.922972,
        "iops_samples" : 1199
      },
      "write" : {
        "io_bytes" : 901450301440,
        "io_kbytes" : 880322560,
        "bw_bytes" : 1502414665,
        "bw" : 1467201,
        "iops" : 1432.814279,
        "runtime" : 600001,
        "total_ios" : 859690,
        "short_ios" : 0,
        "drop_ios" : 0,
        "slat_ns" : {
          "min" : 0,
          "max" : 0,
          "mean" : 0.000000,
          "stddev" : 0.000000,
          "N" : 0
        },
        "clat_ns" : {
          "min" : 139073,
          "max" : 117961753,
          "mean" : 356730.113392,
          "stddev" : 480888.161173,
          "N" : 859690,
          "percentile" : {
            "1.000000" : 209920,
            "5.000000" : 232448,
            "10.000000" : 244736,
            "20.000000" : 261120,
            "30.000000" : 272384,
            "40.000000" : 288768,
            "50.000000" : 301056,
            "60.000000" : 317440,
            "70.000000" : 337920,
            "80.000000" : 366592,
            "90.000000" : 432128,
            "95.000000" : 509952,
            "99.000000" : 1286144,
            "99.500000" : 2506752,
            "99.900000" : 6717440,
            "99.950000" : 8847360,
            "99.990000" : 13828096
          }
        },
        "lat_ns" : {
          "min" : 141388,
          "max" : 117963767,
          "mean" : 360285.488319,
          "stddev" : 483409.995038,
          "N" : 859690
        },
        "bw_min" : 925696,
        "bw_max" : 2068480,
        "bw_agg" : 100.000000,
        "bw_mean" : 1468095.127606,
        "bw_dev" : 172442.401505,
        "bw_samples" : 1199,
        "iops_min" : 904,
        "iops_max" : 2020,
        "iops_mean" : 1433.613011,
        "iops_stddev" : 168.379719,
        "iops_samples" : 1199
      },
      "trim" : {
        "io_bytes" : 0,
        "io_kbytes" : 0,
        "bw_bytes" : 0,
        "bw" : 0,
        "iops" : 0.000000,
        "runtime" : 0,
        "total_ios" : 0,
        "short_ios" : 0,
        "drop_ios" : 0,
        "slat_ns" : {
          "min" : 0,
          "max" : 0,
          "mean" : 0.000000,
          "stddev" : 0.000000,
          "N" : 0
        },
        "clat_ns" : {
          "min" : 0,
          "max" : 0,
          "mean" : 0.000000,
          "stddev" : 0.000000,
          "N" : 0
        },
        "lat_ns" : {
          "min" : 0,
          "max" : 0,
          "mean" : 0.000000,
          "stddev" : 0.000000,
          "N" : 0
        },
        "bw_min" : 0,
        "bw_max" : 0,
        "bw_agg" : 0.000000,
        "bw_mean" : 0.000000,
        "bw_dev" : 0.000000,
        "bw_samples" : 0,
        "iops_min" : 0,
        "iops_max" : 0,
        "iops_mean" : 0.000000,
        "iops_stddev" : 0.000000,
        "iops_samples" : 0
      },
      "sync" : {
        "total_ios" : 0,
        "lat_ns" : {
          "min" : 0,
          "max" : 0,
          "mean" : 0.000000,
          "stddev" : 0.000000,
          "N" : 0
        }
      },
      "job_runtime" : 600000,
      "usr_cpu" : 0.875500,
      "sys_cpu" : 47.653500,
      "ctx" : 4683850,
      "majf" : 0,
      "minf" : 9,
      "iodepth_level" : {
        "1" : 100.000000,
        "2" : 0.000000,
        "4" : 0.000000,
        "8" : 0.000000,
        "16" : 0.000000,
        "32" : 0.000000,
        ">=64" : 0.000000
      },
      "iodepth_submit" : {
        "0" : 0.000000,
        "4" : 100.000000,
        "8" : 0.000000,
        "16" : 0.000000,
        "32" : 0.000000,
        "64" : 0.000000,
        ">=64" : 0.000000
      },
      "iodepth_complete" : {
        "0" : 0.000000,
        "4" : 100.000000,
        "8" : 0.000000,
        "16" : 0.000000,
        "32" : 0.000000,
        "64" : 0.000000,
        ">=64" : 0.000000
      },
      "latency_ns" : {
        "2" : 0.000000,
        "4" : 0.000000,
        "10" : 0.000000,
        "20" : 0.000000,
        "50" : 0.000000,
        "100" : 0.000000,
        "250" : 0.000000,
        "500" : 0.000000,
        "750" : 0.000000,
        "1000" : 0.000000
      },
      "latency_us" : {
        "2" : 0.000000,
        "4" : 0.000000,
        "10" : 0.000000,
        "20" : 0.000000,
        "50" : 0.033594,
        "100" : 0.037953,
        "250" : 37.323248,
        "500" : 51.757826,
        "750" : 6.751511,
        "1000" : 2.305292
      },
      "latency_ms" : {
        "2" : 1.141661,
        "4" : 0.350118,
        "10" : 0.260438,
        "20" : 0.035279,
        "50" : 0.010000,
        "100" : 0.010000,
        "250" : 0.010000,
        "500" : 0.000000,
        "750" : 0.000000,
        "1000" : 0.000000,
        "2000" : 0.000000,
        ">=2000" : 0.000000
      },
      "latency_depth" : 1,
      "latency_target" : 0,
      "latency_percentile" : 100.000000,
      "latency_window" : 0
    }
  ]
}
