{
  "results": [
    {
      "command": "tar xf linux-6.19.9.tar.xz -C /home/lockin/code/iofs-ng/benchmark/mnt",
      "mean": 7.207452398319998,
      "stddev": 0.2927331856581764,
      "median": 7.16078529462,
      "user": 5.311127040000001,
      "system": 2.35079464,
      "min": 6.72282928612,
      "max": 7.70791279812,
      "times": [
        7.70791279812,
        6.72282928612,
        7.53604422912,
        7.16448069312,
        7.258042349119999,
        7.08235007112,
        7.42242089212,
        7.13911560712,
        6.88423816112,
        7.15708989612
      ],
      "memory_usage_byte": [
        1348194304,
        1348194304,
        1348194304,
        1348194304,
        1348194304,
        1348194304,
        1348194304,
        1348194304,
        1348194304,
        1348194304
      ],
      "exit_codes": [
        0,
        0,
        0,
        0,
        0,
        0,
        0,
        0,
        0,
        0
      ]
    }
  ]
}
