{
  "fio version" : "fio-3.39",
  "timestamp" : 1774365829,
  "timestamp_ms" : 1774365829616,
  "time" : "Tue Mar 24 16:23:49 2026",
  "jobs" : [
    {
      "jobname" : "rand_rw",
      "groupid" : 0,
      "job_start" : 1774365229461,
      "error" : 0,
      "eta" : 0,
      "elapsed" : 601,
      "job options" : {
        "name" : "rand_rw",
        "directory" : "/home/lockin/code/iofs-ng/benchmark/mnt",
        "ioengine" : "psync",
        "rw" : "randrw",
        "bs" : "4k",
        "size" : "500M",
        "numjobs" : "16",
        "group_reporting" : "",
        "time_based" : "",
        "runtime" : "600"
      },
      "read" : {
        "io_bytes" : 515736064000,
        "io_kbytes" : 503648500,
        "bw_bytes" : 859557241,
        "bw" : 839411,
        "iops" : 209852.842157,
        "runtime" : 600002,
        "total_ios" : 125912125,
        "short_ios" : 0,
        "drop_ios" : 0,
        "slat_ns" : {
          "min" : 0,
          "max" : 0,
          "mean" : 0.000000,
          "stddev" : 0.000000,
          "N" : 0
        },
        "clat_ns" : {
          "min" : 4639,
          "max" : 470652671,
          "mean" : 33985.101520,
          "stddev" : 205824.245401,
          "N" : 125912125,
          "percentile" : {
            "1.000000" : 13504,
            "5.000000" : 16768,
            "10.000000" : 18304,
            "20.000000" : 20352,
            "30.000000" : 21888,
            "40.000000" : 23936,
            "50.000000" : 29312,
            "60.000000" : 36608,
            "70.000000" : 39680,
            "80.000000" : 41728,
            "90.000000" : 45312,
            "95.000000" : 49920,
            "99.000000" : 132096,
            "99.500000" : 160768,
            "99.900000" : 313344,
            "99.950000" : 428032,
            "99.990000" : 995328
          }
        },
        "lat_ns" : {
          "min" : 4649,
          "max" : 470652701,
          "mean" : 34023.635829,
          "stddev" : 205825.634171,
          "N" : 125912125
        },
        "bw_min" : 330256,
        "bw_max" : 1037400,
        "bw_agg" : 100.000000,
        "bw_mean" : 839624.457882,
        "bw_dev" : 3300.836364,
        "bw_samples" : 19184,
        "iops_min" : 82564,
        "iops_max" : 259350,
        "iops_mean" : 209906.110926,
        "iops_stddev" : 825.208942,
        "iops_samples" : 19184
      },
      "write" : {
        "io_bytes" : 515833155584,
        "io_kbytes" : 503743316,
        "bw_bytes" : 859719060,
        "bw" : 839569,
        "iops" : 209892.348692,
        "runtime" : 600002,
        "total_ios" : 125935829,
        "short_ios" : 0,
        "drop_ios" : 0,
        "slat_ns" : {
          "min" : 0,
          "max" : 0,
          "mean" : 0.000000,
          "stddev" : 0.000000,
          "N" : 0
        },
        "clat_ns" : {
          "min" : 8986,
          "max" : 470599673,
          "mean" : 41106.310224,
          "stddev" : 239650.134840,
          "N" : 125935829,
          "percentile" : {
            "1.000000" : 23168,
            "5.000000" : 28032,
            "10.000000" : 31104,
            "20.000000" : 34560,
            "30.000000" : 36608,
            "40.000000" : 38144,
            "50.000000" : 39680,
            "60.000000" : 40704,
            "70.000000" : 42240,
            "80.000000" : 43776,
            "90.000000" : 46336,
            "95.000000" : 49408,
            "99.000000" : 85504,
            "99.500000" : 123392,
            "99.900000" : 350208,
            "99.950000" : 473088,
            "99.990000" : 1138688
          }
        },
        "lat_ns" : {
          "min" : 9016,
          "max" : 470599723,
          "mean" : 41156.839893,
          "stddev" : 239651.226482,
          "N" : 125935829
        },
        "bw_min" : 334064,
        "bw_max" : 1038416,
        "bw_agg" : 100.000000,
        "bw_mean" : 839783.118432,
        "bw_dev" : 3265.465977,
        "bw_samples" : 19184,
        "iops_min" : 83518,
        "iops_max" : 259604,
        "iops_mean" : 209945.758132,
        "iops_stddev" : 816.366140,
        "iops_samples" : 19184
      },
      "trim" : {
        "io_bytes" : 0,
        "io_kbytes" : 0,
        "bw_bytes" : 0,
        "bw" : 0,
        "iops" : 0.000000,
        "runtime" : 0,
        "total_ios" : 0,
        "short_ios" : 0,
        "drop_ios" : 0,
        "slat_ns" : {
          "min" : 0,
          "max" : 0,
          "mean" : 0.000000,
          "stddev" : 0.000000,
          "N" : 0
        },
        "clat_ns" : {
          "min" : 0,
          "max" : 0,
          "mean" : 0.000000,
          "stddev" : 0.000000,
          "N" : 0
        },
        "lat_ns" : {
          "min" : 0,
          "max" : 0,
          "mean" : 0.000000,
          "stddev" : 0.000000,
          "N" : 0
        },
        "bw_min" : 0,
        "bw_max" : 0,
        "bw_agg" : 0.000000,
        "bw_mean" : 0.000000,
        "bw_dev" : 0.000000,
        "bw_samples" : 0,
        "iops_min" : 0,
        "iops_max" : 0,
        "iops_mean" : 0.000000,
        "iops_stddev" : 0.000000,
        "iops_samples" : 0
      },
      "sync" : {
        "total_ios" : 0,
        "lat_ns" : {
          "min" : 0,
          "max" : 0,
          "mean" : 0.000000,
          "stddev" : 0.000000,
          "N" : 0
        }
      },
      "job_runtime" : 9600002,
      "usr_cpu" : 3.741510,
      "sys_cpu" : 19.449465,
      "ctx" : 443574392,
      "majf" : 0,
      "minf" : 203,
      "iodepth_level" : {
        "1" : 100.000000,
        "2" : 0.000000,
        "4" : 0.000000,
        "8" : 0.000000,
        "16" : 0.000000,
        "32" : 0.000000,
        ">=64" : 0.000000
      },
      "iodepth_submit" : {
        "0" : 0.000000,
        "4" : 100.000000,
        "8" : 0.000000,
        "16" : 0.000000,
        "32" : 0.000000,
        "64" : 0.000000,
        ">=64" : 0.000000
      },
      "iodepth_complete" : {
        "0" : 0.000000,
        "4" : 100.000000,
        "8" : 0.000000,
        "16" : 0.000000,
        "32" : 0.000000,
        "64" : 0.000000,
        ">=64" : 0.000000
      },
      "latency_ns" : {
        "2" : 0.000000,
        "4" : 0.000000,
        "10" : 0.000000,
        "20" : 0.000000,
        "50" : 0.000000,
        "100" : 0.000000,
        "250" : 0.000000,
        "500" : 0.000000,
        "750" : 0.000000,
        "1000" : 0.000000
      },
      "latency_us" : {
        "2" : 0.000000,
        "4" : 0.000000,
        "10" : 0.029260,
        "20" : 9.113193,
        "50" : 86.027155,
        "100" : 3.349260,
        "250" : 1.306283,
        "500" : 0.135128,
        "750" : 0.022287,
        "1000" : 0.010000
      },
      "latency_ms" : {
        "2" : 0.010000,
        "4" : 0.010000,
        "10" : 0.010000,
        "20" : 0.010000,
        "50" : 0.010000,
        "100" : 0.010000,
        "250" : 0.010000,
        "500" : 0.010000,
        "750" : 0.000000,
        "1000" : 0.000000,
        "2000" : 0.000000,
        ">=2000" : 0.000000
      },
      "latency_depth" : 1,
      "latency_target" : 0,
      "latency_percentile" : 100.000000,
      "latency_window" : 0
    }
  ]
}
